age_days,variable,q05,q50,q95
1.0,phase_mass__Al(OH)3am,0.0,0.0,0.0006925207375742
1.0,phase_mass__Anhydrite,0.0,0.0,0.0
1.0,phase_mass__Aragonite,0.0,0.0,0.0
1.0,phase_mass__Brucite,0.0002141856311392,0.0,0.0
1.0,phase_mass__C2AH75,0.0,0.0,0.0
1.0,phase_mass__C2ASH55,0.0,0.0,0.0
1.0,phase_mass__C3(AF)S0.84H,0.000721667130066,0.0013211005692489,0.001145148005088
1.0,phase_mass__C3AH6,0.0,0.0,0.0
1.0,phase_mass__C4AH11,0.0,0.0,0.0
1.0,phase_mass__C4AH13,0.0,0.0,0.0
1.0,phase_mass__C4AH19,0.0,0.0,0.0
1.0,phase_mass__C4Ac0.5H105,0.0,0.0,0.0
1.0,phase_mass__C4Ac0.5H12,0.0,0.0,0.0
1.0,phase_mass__C4Ac0.5H9,0.0,0.0,0.0
1.0,phase_mass__C4AcH11,0.0,0.0,0.0
1.0,phase_mass__C4AcH9,0.0,0.0,0.0
1.0,phase_mass__C4AsH105,0.0,0.0,0.0
1.0,phase_mass__C4AsH12,0.0,0.0,0.0
1.0,phase_mass__C4AsH14,0.0,0.0,0.0
1.0,phase_mass__C4AsH16,0.0,0.0,0.0
1.0,phase_mass__C4AsH9,0.0,0.0,0.0
1.0,phase_mass__C6AsH13,0.0,0.0,0.0
1.0,phase_mass__C6AsH9,0.0,0.0,0.0
1.0,phase_mass__CAH10,0.0,0.0,0.0
1.0,phase_mass__CO3_SO4_AFt,0.0,0.0,0.0
1.0,phase_mass__CSHQ,0.0075700870380502,0.0069767841012244,0.0072618280108395
1.0,phase_mass__Calcite,0.0,0.0,0.0
1.0,phase_mass__Friedels,0.0,0.0,0.0
1.0,phase_mass__Gypsum,0.0,0.0,0.0
1.0,phase_mass__Kuzels,0.0,0.0,0.0
1.0,phase_mass__MSH,0.0,0.000490076611423,0.0006517818471247
1.0,phase_mass__MgAl-OH-LDH,0.0,0.0,0.0
1.0,phase_mass__Na-oxide,0.0,0.0,0.0
1.0,phase_mass__OH_SO4_AFm,0.0,0.0,0.0
1.0,phase_mass__Portlandite,0.0,0.0,0.0
1.0,phase_mass__SO4_CO3_AFt,0.0,0.0,0.0
1.0,phase_mass__SO4_OH_AFm,0.0,0.0,0.0
1.0,phase_mass__Silica-amorph,0.0,0.0,0.0
1.0,phase_mass__Sulphur,0.0,0.0,0.0
1.0,phase_mass__aq_gen,0.0435699418606984,0.0436674106489733,0.0437482591499147
1.0,phase_mass__arcanite,0.0,0.0,0.0
1.0,phase_mass__ettringite,0.0109599121790425,0.0087355592223801,0.0074125471558381
1.0,phase_mass__gas_gen,0.0,0.0,0.0
1.0,phase_mass__hemihydrate,0.0,0.0,0.0
1.0,phase_mass__straetlingite,0.0,0.0042588081129132,0.0066029367689367
1.0,phase_mass__thenardite,0.0,0.0,0.0
1.0,phase_volume__Al(OH)3am,0.0,0.0,0.0
1.0,phase_volume__Anhydrite,0.0,0.0,0.0
1.0,phase_volume__Aragonite,0.0,0.0,0.0
1.0,phase_volume__Brucite,0.0,0.0,0.0
1.0,phase_volume__C2AH75,0.0,0.0,0.0
1.0,phase_volume__C2ASH55,0.0,0.0,0.0
1.0,phase_volume__C3(AF)S0.84H,2.410383693077444e-07,4.452148136566891e-07,3.736073488227666e-07
1.0,phase_volume__C3AH6,0.0,0.0,0.0
1.0,phase_volume__C4AH11,0.0,0.0,0.0
1.0,phase_volume__C4AH13,0.0,0.0,0.0
1.0,phase_volume__C4AH19,0.0,0.0,0.0
1.0,phase_volume__C4Ac0.5H105,0.0,0.0,0.0
1.0,phase_volume__C4Ac0.5H12,0.0,0.0,0.0
1.0,phase_volume__C4Ac0.5H9,0.0,0.0,0.0
1.0,phase_volume__C4AcH11,0.0,0.0,0.0
1.0,phase_volume__C4AcH9,0.0,0.0,0.0
1.0,phase_volume__C4AsH105,0.0,0.0,0.0
1.0,phase_volume__C4AsH12,0.0,0.0,0.0
1.0,phase_volume__C4AsH14,0.0,0.0,0.0
1.0,phase_volume__C4AsH16,0.0,0.0,0.0
1.0,phase_volume__C4AsH9,0.0,0.0,0.0
1.0,phase_volume__C6AsH13,0.0,0.0,0.0
1.0,phase_volume__C6AsH9,0.0,0.0,0.0
1.0,phase_volume__CAH10,0.0,0.0,0.0
1.0,phase_volume__CO3_SO4_AFt,0.0,0.0,0.0
1.0,phase_volume__CSHQ,3.261329731703259e-06,2.939416381046737e-06,3.17986178612356e-06
1.0,phase_volume__Calcite,0.0,0.0,0.0
1.0,phase_volume__Friedels,0.0,0.0,0.0
1.0,phase_volume__Gypsum,0.0,0.0,0.0
1.0,phase_volume__Kuzels,0.0,0.0,0.0
1.0,phase_volume__MSH,0.0,2.1282449110974038e-07,2.716823157777531e-07
1.0,phase_volume__MgAl-OH-LDH,0.0,0.0,0.0
1.0,phase_volume__Na-oxide,0.0,0.0,0.0
1.0,phase_volume__OH_SO4_AFm,0.0,0.0,0.0
1.0,phase_volume__Portlandite,0.0,0.0,0.0
1.0,phase_volume__SO4_CO3_AFt,0.0,0.0,0.0
1.0,phase_volume__SO4_OH_AFm,0.0,0.0,0.0
1.0,phase_volume__Silica-amorph,0.0,0.0,0.0
1.0,phase_volume__Sulphur,0.0,0.0,0.0
1.0,phase_volume__aq_gen,4.291964981161552e-05,4.279453627281464e-05,4.252577531432162e-05
1.0,phase_volume__arcanite,0.0,0.0,0.0
1.0,phase_volume__ettringite,6.2089737476934726e-06,4.948710464183189e-06,4.199285340648638e-06
1.0,phase_volume__gas_gen,0.0,0.0,0.0
1.0,phase_volume__hemihydrate,0.0,0.0,0.0
1.0,phase_volume__straetlingite,0.0,2.2144265226486902e-06,3.433319783250931e-06
1.0,phase_volume__thenardite,0.0,0.0,0.0
1.0,scalar__Eh,0.3983092869751366,0.448337330606384,0.5694546063607409
1.0,scalar__IS,0.3145468802157723,0.3912853878197489,0.5256618034296925
1.0,scalar__P,100000.0,100000.0,100000.0
1.0,scalar__T,293.15,293.15,293.15
1.0,scalar__aq_volume_frac,0.8140832880914612,0.799074469905514,0.7836362398800181
1.0,scalar__converged,True,True,True
1.0,scalar__elapsed_time,0.0050081,0.0051971,0.0049791
1.0,scalar__ionic_strength,0.3145468802157723,0.3912853878197489,0.5256618034296925
1.0,scalar__nelements,13,13,13
1.0,scalar__nphases,46,46,46
1.0,scalar__nspecies,140,140,140
1.0,scalar__num_iterations,231,281,248
1.0,scalar__pE,6.861457745036751,7.723263679941016,9.809685204514606
1.0,scalar__pH,13.467710207721236,12.608803231920222,10.523554683037789
1.0,scalar__pressure,100000.0,100000.0,100000.0
1.0,scalar__system_enthalpy,0.0,0.0,0.0
1.0,scalar__system_entropy,0.0,0.0,0.0
1.0,scalar__system_gibbs_energy,-332.67375564614537,-346.883034198078,-358.8997842443851
1.0,scalar__system_heat_capacity_const_p,0.0,0.0,0.0
1.0,scalar__system_mass,0.0630357938389963,0.0654497395765918,0.0675150216753184
1.0,scalar__system_volume,5.272144808700894e-05,5.355512894545968e-05,5.426723924972217e-05
1.0,scalar__temperature,293.15,293.15,293.15
1.0,scalar__water_activity,0.0,0.0,0.0
3.0,phase_mass__Al(OH)3am,0.0,0.0,0.0
3.0,phase_mass__Anhydrite,0.0,0.0,0.0
3.0,phase_mass__Aragonite,0.0,0.0,0.0
3.0,phase_mass__Brucite,0.0004583522912047,0.0,0.0
3.0,phase_mass__C2AH75,0.0,0.0,0.0
3.0,phase_mass__C2ASH55,0.0,0.0,0.0
3.0,phase_mass__C3(AF)S0.84H,0.0019550935152778,0.0028728122035853,0.0029550573183169
3.0,phase_mass__C3AH6,0.0,0.0,0.0
3.0,phase_mass__C4AH11,0.0,0.0,0.0
3.0,phase_mass__C4AH13,0.0,0.0,0.0
3.0,phase_mass__C4AH19,0.0,0.0,0.0
3.0,phase_mass__C4Ac0.5H105,0.0,0.0,0.0
3.0,phase_mass__C4Ac0.5H12,0.0,0.0,0.0
3.0,phase_mass__C4Ac0.5H9,0.0,0.0,0.0
3.0,phase_mass__C4AcH11,0.0,0.0,0.0
3.0,phase_mass__C4AcH9,0.0,0.0,0.0
3.0,phase_mass__C4AsH105,0.0,0.0,0.0
3.0,phase_mass__C4AsH12,0.0,0.0,0.0
3.0,phase_mass__C4AsH14,0.0,0.0,0.0
3.0,phase_mass__C4AsH16,0.0,0.0,0.0
3.0,phase_mass__C4AsH9,0.0,0.0,0.0
3.0,phase_mass__C6AsH13,0.0,0.0,0.0
3.0,phase_mass__C6AsH9,0.0,0.0,0.0
3.0,phase_mass__CAH10,0.0,0.0,0.0
3.0,phase_mass__CO3_SO4_AFt,0.0,0.0,0.0
3.0,phase_mass__CSHQ,0.0156758709188712,0.0160234945971774,0.0142497924389827
3.0,phase_mass__Calcite,0.0,0.0,0.0
3.0,phase_mass__Friedels,0.0,0.0,0.0
3.0,phase_mass__Gypsum,0.0,0.0,0.0
3.0,phase_mass__Kuzels,0.0,0.0,0.0
3.0,phase_mass__MSH,0.0,0.0,0.0011147689545777
3.0,phase_mass__MgAl-OH-LDH,0.0,0.0008886933650852,0.0
3.0,phase_mass__Na-oxide,0.0,0.0,0.0
3.0,phase_mass__OH_SO4_AFm,0.002169262394239,0.0,0.0
3.0,phase_mass__Portlandite,0.0007338251659304,0.0,0.0
3.0,phase_mass__SO4_CO3_AFt,0.0,0.0,0.0
3.0,phase_mass__SO4_OH_AFm,0.002169262394239,0.0,0.0
3.0,phase_mass__Silica-amorph,0.0,0.0,0.0
3.0,phase_mass__Sulphur,0.0,0.0,0.0
3.0,phase_mass__aq_gen,0.0404276386670104,0.0383276903899528,0.0379693190038874
3.0,phase_mass__arcanite,0.0,0.0,0.0
3.0,phase_mass__ettringite,0.0086251204848547,0.0109439816131974,0.0089657083977775
3.0,phase_mass__gas_gen,0.0,0.0,0.0
3.0,phase_mass__hemihydrate,0.0,0.0,0.0
3.0,phase_mass__straetlingite,0.0,0.0069734377885463,0.0141556818641064
3.0,phase_mass__thenardite,0.0,0.0,0.0
3.0,phase_volume__Al(OH)3am,0.0,0.0,0.0
3.0,phase_volume__Anhydrite,0.0,0.0,0.0
3.0,phase_volume__Aragonite,0.0,0.0,0.0
3.0,phase_volume__Brucite,0.0,0.0,0.0
3.0,phase_volume__C2AH75,0.0,0.0,0.0
3.0,phase_volume__C2ASH55,0.0,0.0,0.0
3.0,phase_volume__C3(AF)S0.84H,6.656001253908337e-07,9.776825144962549e-07,9.928429340819455e-07
3.0,phase_volume__C3AH6,0.0,0.0,0.0
3.0,phase_volume__C4AH11,0.0,0.0,0.0
3.0,phase_volume__C4AH13,0.0,0.0,0.0
3.0,phase_volume__C4AH19,0.0,0.0,0.0
3.0,phase_volume__C4Ac0.5H105,0.0,0.0,0.0
3.0,phase_volume__C4Ac0.5H12,0.0,0.0,0.0
3.0,phase_volume__C4Ac0.5H9,0.0,0.0,0.0
3.0,phase_volume__C4AcH11,0.0,0.0,0.0
3.0,phase_volume__C4AcH9,0.0,0.0,0.0
3.0,phase_volume__C4AsH105,0.0,0.0,0.0
3.0,phase_volume__C4AsH12,0.0,0.0,0.0
3.0,phase_volume__C4AsH14,0.0,0.0,0.0
3.0,phase_volume__C4AsH16,0.0,0.0,0.0
3.0,phase_volume__C4AsH9,0.0,0.0,0.0
3.0,phase_volume__C6AsH13,0.0,0.0,0.0
3.0,phase_volume__C6AsH9,0.0,0.0,0.0
3.0,phase_volume__CAH10,0.0,0.0,0.0
3.0,phase_volume__CO3_SO4_AFt,0.0,0.0,0.0
3.0,phase_volume__CSHQ,6.946908507356127e-06,6.734723143519559e-06,6.025250873154023e-06
3.0,phase_volume__Calcite,0.0,0.0,0.0
3.0,phase_volume__Friedels,0.0,0.0,0.0
3.0,phase_volume__Gypsum,0.0,0.0,0.0
3.0,phase_volume__Kuzels,0.0,0.0,0.0
3.0,phase_volume__MSH,0.0,0.0,4.814865522922289e-07
3.0,phase_volume__MgAl-OH-LDH,0.0,4.460995389418966e-07,0.0
3.0,phase_volume__Na-oxide,0.0,0.0,0.0
3.0,phase_volume__OH_SO4_AFm,1.078685971720724e-06,0.0,0.0
3.0,phase_volume__Portlandite,0.0,0.0,0.0
3.0,phase_volume__SO4_CO3_AFt,0.0,0.0,0.0
3.0,phase_volume__SO4_OH_AFm,1.078685971720724e-06,0.0,0.0
3.0,phase_volume__Silica-amorph,0.0,0.0,0.0
3.0,phase_volume__Sulphur,0.0,0.0,0.0
3.0,phase_volume__aq_gen,3.984659810780772e-05,3.788284087041229e-05,3.718489798716035e-05
3.0,phase_volume__arcanite,0.0,0.0,0.0
3.0,phase_volume__ettringite,4.886288840587683e-06,6.199803346918016e-06,5.079090024989592e-06
3.0,phase_volume__gas_gen,0.0,0.0,0.0
3.0,phase_volume__hemihydrate,0.0,0.0,0.0
3.0,phase_volume__straetlingite,0.0,3.625942071981335e-06,7.360443433346133e-06
3.0,phase_volume__thenardite,0.0,0.0,0.0
3.0,scalar__Eh,0.3964160353143536,0.4074280770083031,0.4565206492611512
3.0,scalar__IS,0.306745191516085,0.2495911831603434,0.4003825514034694
3.0,scalar__P,100000.0,100000.0,100000.0
3.0,scalar__T,293.15,293.15,293.15
3.0,scalar__aq_volume_frac,0.7241705843205274,0.678088654028515,0.650950393926811
3.0,scalar__converged,True,True,True
3.0,scalar__elapsed_time,0.0073507,0.004696,0.0052257
3.0,scalar__ionic_strength,0.306745191516085,0.2495911831603434,0.4003825514034694
3.0,scalar__nelements,13,13,13
3.0,scalar__nphases,46,46,46
3.0,scalar__nspecies,140,140,140
3.0,scalar__num_iterations,479,226,255
3.0,scalar__pE,6.828843726996056,7.018542188067426,7.864233265637272
3.0,scalar__pH,13.507926424838956,13.32523062874667,12.48124611899445
3.0,scalar__pressure,100000.0,100000.0,100000.0
3.0,scalar__system_enthalpy,0.0,0.0,0.0
3.0,scalar__system_entropy,0.0,0.0,0.0
3.0,scalar__system_gibbs_energy,-380.6848390421623,-403.30476513711807,-423.1522678572734
3.0,scalar__system_heat_capacity_const_p,0.0,0.0,0.0
3.0,scalar__system_mass,0.0722144258316263,0.0760301099575445,0.0794103279776489
3.0,scalar__system_volume,5.502377336300516e-05,5.5867091486269344e-05,5.712401180502427e-05
3.0,scalar__temperature,293.15,293.15,293.15
3.0,scalar__water_activity,0.0,0.0,0.0
7.0,phase_mass__Al(OH)3am,0.0,0.0,0.0
7.0,phase_mass__Anhydrite,0.0,0.0,0.0
7.0,phase_mass__Aragonite,0.0,0.0,0.0
7.0,phase_mass__Brucite,0.0007934735086303,0.0,0.0
7.0,phase_mass__C2AH75,0.0,0.0,0.0
7.0,phase_mass__C2ASH55,0.0,0.0,0.0
7.0,phase_mass__C3(AF)S0.84H,0.0032613255053876,0.0045338784756249,0.0055226930479247
7.0,phase_mass__C3AH6,0.0,0.0,0.0
7.0,phase_mass__C4AH11,0.0,0.0,0.0
7.0,phase_mass__C4AH13,0.0,0.0,0.0
7.0,phase_mass__C4AH19,0.0,0.0,0.0
7.0,phase_mass__C4Ac0.5H105,0.0,0.0,0.0
7.0,phase_mass__C4Ac0.5H12,0.0,0.0,0.0
7.0,phase_mass__C4Ac0.5H9,0.0,0.0,0.0
7.0,phase_mass__C4AcH11,0.0,0.0,0.0
7.0,phase_mass__C4AcH9,0.0,0.0,0.0
7.0,phase_mass__C4AsH105,0.0,0.0,0.0
7.0,phase_mass__C4AsH12,0.0,0.0,0.0
7.0,phase_mass__C4AsH14,0.0,0.0,0.0
7.0,phase_mass__C4AsH16,0.0,0.0,0.0
7.0,phase_mass__C4AsH9,0.0,0.0,0.0
7.0,phase_mass__C6AsH13,0.0,0.0,0.0
7.0,phase_mass__C6AsH9,0.0,0.0,0.0
7.0,phase_mass__CAH10,0.0,0.0,0.0
7.0,phase_mass__CO3_SO4_AFt,0.0,0.0,0.0
7.0,phase_mass__CSHQ,0.0254778161384709,0.0282726623658619,0.0272604368826593
7.0,phase_mass__Calcite,0.0,0.0,0.0
7.0,phase_mass__Friedels,0.0,0.0,0.0
7.0,phase_mass__Gypsum,0.0,0.0,0.0
7.0,phase_mass__Kuzels,0.0,0.0,0.0
7.0,phase_mass__MSH,0.0,0.0,0.0
7.0,phase_mass__MgAl-OH-LDH,0.0,0.0014545485728448,0.0016163387619828
7.0,phase_mass__Na-oxide,0.0,0.0,0.0
7.0,phase_mass__OH_SO4_AFm,0.0050481685125487,0.0025383871613856,0.0
7.0,phase_mass__Portlandite,0.00328784200287,0.0,0.0
7.0,phase_mass__SO4_CO3_AFt,0.0,0.0,0.0
7.0,phase_mass__SO4_OH_AFm,0.0050481685125487,0.0025383871613856,0.0
7.0,phase_mass__Silica-amorph,0.0,0.0,0.0
7.0,phase_mass__Sulphur,0.0,0.0,0.0
7.0,phase_mass__aq_gen,0.0364104392408639,0.0334903574697956,0.0310973232124403
7.0,phase_mass__arcanite,0.0,0.0,0.0
7.0,phase_mass__ettringite,0.005185543725818,0.0080895626178707,0.0107432711524699
7.0,phase_mass__gas_gen,0.0,0.0,0.0
7.0,phase_mass__hemihydrate,0.0,0.0,0.0
7.0,phase_mass__straetlingite,0.0,0.0087337985756086,0.0181455007994805
7.0,phase_mass__thenardite,0.0,0.0,0.0
7.0,phase_volume__Al(OH)3am,0.0,0.0,0.0
7.0,phase_volume__Anhydrite,0.0,0.0,0.0
7.0,phase_volume__Aragonite,0.0,0.0,0.0
7.0,phase_volume__Brucite,0.0,0.0,0.0
7.0,phase_volume__C2AH75,0.0,0.0,0.0
7.0,phase_volume__C2ASH55,0.0,0.0,0.0
7.0,phase_volume__C3(AF)S0.84H,1.110300462440187e-06,1.54369058573762e-06,1.877324901959457e-06
7.0,phase_volume__C3AH6,0.0,0.0,0.0
7.0,phase_volume__C4AH11,0.0,0.0,0.0
7.0,phase_volume__C4AH13,0.0,0.0,0.0
7.0,phase_volume__C4AH19,0.0,0.0,0.0
7.0,phase_volume__C4Ac0.5H105,0.0,0.0,0.0
7.0,phase_volume__C4Ac0.5H12,0.0,0.0,0.0
7.0,phase_volume__C4Ac0.5H9,0.0,0.0,0.0
7.0,phase_volume__C4AcH11,0.0,0.0,0.0
7.0,phase_volume__C4AcH9,0.0,0.0,0.0
7.0,phase_volume__C4AsH105,0.0,0.0,0.0
7.0,phase_volume__C4AsH12,0.0,0.0,0.0
7.0,phase_volume__C4AsH14,0.0,0.0,0.0
7.0,phase_volume__C4AsH16,0.0,0.0,0.0
7.0,phase_volume__C4AsH9,0.0,0.0,0.0
7.0,phase_volume__C6AsH13,0.0,0.0,0.0
7.0,phase_volume__C6AsH9,0.0,0.0,0.0
7.0,phase_volume__CAH10,0.0,0.0,0.0
7.0,phase_volume__CO3_SO4_AFt,0.0,0.0,0.0
7.0,phase_volume__CSHQ,1.1299143797495998e-05,1.2267341719777308e-05,1.1441388881309403e-05
7.0,phase_volume__Calcite,0.0,0.0,0.0
7.0,phase_volume__Friedels,0.0,0.0,0.0
7.0,phase_volume__Gypsum,0.0,0.0,0.0
7.0,phase_volume__Kuzels,0.0,0.0,0.0
7.0,phase_volume__MSH,0.0,0.0,0.0
7.0,phase_volume__MgAl-OH-LDH,0.0,7.47344425075647e-07,8.041146045689355e-07
7.0,phase_volume__Na-oxide,0.0,0.0,0.0
7.0,phase_volume__OH_SO4_AFm,2.510235078974055e-06,1.2630028611182252e-06,0.0
7.0,phase_volume__Portlandite,0.0,0.0,0.0
7.0,phase_volume__SO4_CO3_AFt,0.0,0.0,0.0
7.0,phase_volume__SO4_OH_AFm,2.510235078974055e-06,1.2630028611182252e-06,0.0
7.0,phase_volume__Silica-amorph,0.0,0.0,0.0
7.0,phase_volume__Sulphur,0.0,0.0,0.0
7.0,phase_volume__aq_gen,3.59293036107104e-05,3.307096902907444e-05,3.075848234336463e-05
7.0,phase_volume__arcanite,0.0,0.0,0.0
7.0,phase_volume__ettringite,2.9376838877626383e-06,4.582830081524974e-06,6.086008937647913e-06
7.0,phase_volume__gas_gen,0.0,0.0,0.0
7.0,phase_volume__hemihydrate,0.0,0.0,0.0
7.0,phase_volume__straetlingite,0.0,4.541305967219388e-06,9.434937187084162e-06
7.0,phase_volume__thenardite,0.0,0.0,0.0
7.0,scalar__Eh,0.398813607343051,0.400718913908057,0.4207275444631448
7.0,scalar__IS,0.2846274716817876,0.2700745320011316,0.2326688856752553
7.0,scalar__P,100000.0,100000.0,100000.0
7.0,scalar__T,293.15,293.15,293.15
7.0,scalar__aq_volume_frac,0.6184148055805491,0.5578821681273423,0.5092273690489202
7.0,scalar__converged,True,True,True
7.0,scalar__elapsed_time,0.009068,0.0072585,0.0047805
7.0,scalar__ionic_strength,0.2846274716817876,0.2700745320011316,0.2326688856752553
7.0,scalar__nelements,13,13,13
7.0,scalar__nphases,46,46,46
7.0,scalar__nspecies,140,140,140
7.0,scalar__num_iterations,594,453,233
7.0,scalar__pE,6.870145398093212,6.902967079421334,7.247644890306413
7.0,scalar__pH,13.47741410814845,13.45323602563034,13.114996338563484
7.0,scalar__pressure,100000.0,100000.0,100000.0
7.0,scalar__system_enthalpy,0.0,0.0,0.0
7.0,scalar__system_entropy,0.0,0.0,0.0
7.0,scalar__system_gibbs_energy,-444.6446934009502,-475.1764675126856,-503.1548627142491
7.0,scalar__system_heat_capacity_const_p,0.0,0.0,0.0
7.0,scalar__system_mass,0.0845127771471336,0.089651582400377,0.0943855638569592
7.0,scalar__system_volume,5.809903528584032e-05,5.927948753064582e-05,6.04022568559345e-05
7.0,scalar__temperature,293.15,293.15,293.15
7.0,scalar__water_activity,0.0,0.0,0.0
28.0,phase_mass__Al(OH)3am,0.0,0.0,0.0
28.0,phase_mass__Anhydrite,0.0,0.0,0.0
28.0,phase_mass__Aragonite,0.0,0.0,0.0
28.0,phase_mass__Brucite,0.0009941729284138,0.0,0.0
28.0,phase_mass__C2AH75,0.0,0.0,0.0
28.0,phase_mass__C2ASH55,0.0,0.0,0.0
28.0,phase_mass__C3(AF)S0.84H,0.0071831604192708,0.0089830470510972,0.0107597782886126
28.0,phase_mass__C3AH6,0.0,0.0,0.0
28.0,phase_mass__C4AH11,0.0,0.0,0.0
28.0,phase_mass__C4AH13,0.0,0.0,0.0
28.0,phase_mass__C4AH19,0.0,0.0,0.0
28.0,phase_mass__C4Ac0.5H105,0.0,0.0,0.0
28.0,phase_mass__C4Ac0.5H12,0.0,0.0,0.0
28.0,phase_mass__C4Ac0.5H9,0.0,0.0,0.0
28.0,phase_mass__C4AcH11,0.0,0.0,0.0
28.0,phase_mass__C4AcH9,0.0,0.0,0.0
28.0,phase_mass__C4AsH105,0.0,0.0,0.0
28.0,phase_mass__C4AsH12,0.0,0.0,0.0
28.0,phase_mass__C4AsH14,0.0,0.0,0.0
28.0,phase_mass__C4AsH16,0.0,0.0,0.0
28.0,phase_mass__C4AsH9,0.0,0.0,0.0
28.0,phase_mass__C6AsH13,0.0,0.0,0.0
28.0,phase_mass__C6AsH9,0.0,0.0,0.0
28.0,phase_mass__CAH10,0.0,0.0,0.0
28.0,phase_mass__CO3_SO4_AFt,0.0,0.0,0.0
28.0,phase_mass__CSHQ,0.0428844594797038,0.0505400714158167,0.0492010119134165
28.0,phase_mass__Calcite,0.0,0.0,0.0
28.0,phase_mass__Friedels,0.0,0.0,0.0
28.0,phase_mass__Gypsum,0.0,0.0,0.0
28.0,phase_mass__Kuzels,0.0,0.0,0.0
28.0,phase_mass__MSH,0.0,0.0,0.0
28.0,phase_mass__MgAl-OH-LDH,0.0007300836495647,0.0025971409646086,0.0027611302252271
28.0,phase_mass__Na-oxide,0.0,0.0,0.0
28.0,phase_mass__OH_SO4_AFm,0.0097065983851208,0.0106044158537292,0.0
28.0,phase_mass__Portlandite,0.0086161776943168,0.0,0.0
28.0,phase_mass__SO4_CO3_AFt,0.0,0.0,0.0
28.0,phase_mass__SO4_OH_AFm,0.0097065983851208,0.0106044158537292,0.0
28.0,phase_mass__Silica-amorph,0.0,0.0,0.0
28.0,phase_mass__Sulphur,0.0,0.0,0.0
28.0,phase_mass__aq_gen,0.0285142224142889,0.0245659239832613,0.0199707099171887
28.0,phase_mass__arcanite,0.0,0.0,0.0
28.0,phase_mass__ettringite,0.0,0.0,0.0113048768174849
28.0,phase_mass__gas_gen,0.0,0.0,0.0
28.0,phase_mass__hemihydrate,0.0,0.0,0.0
28.0,phase_mass__straetlingite,0.0,0.0077065157000666,0.0288555684787319
28.0,phase_mass__thenardite,0.0,0.0,0.0
28.0,phase_volume__Al(OH)3am,0.0,0.0,0.0
28.0,phase_volume__Anhydrite,0.0,0.0,0.0
28.0,phase_volume__Aragonite,0.0,0.0,0.0
28.0,phase_volume__Brucite,0.0,0.0,0.0
28.0,phase_volume__C2AH75,0.0,0.0,0.0
28.0,phase_volume__C2ASH55,0.0,0.0,0.0
28.0,phase_volume__C3(AF)S0.84H,2.4456061301793714e-06,3.058598290190963e-06,3.6633714507548698e-06
28.0,phase_volume__C3AH6,0.0,0.0,0.0
28.0,phase_volume__C4AH11,0.0,0.0,0.0
28.0,phase_volume__C4AH13,0.0,0.0,0.0
28.0,phase_volume__C4AH19,0.0,0.0,0.0
28.0,phase_volume__C4Ac0.5H105,0.0,0.0,0.0
28.0,phase_volume__C4Ac0.5H12,0.0,0.0,0.0
28.0,phase_volume__C4Ac0.5H9,0.0,0.0,0.0
28.0,phase_volume__C4AcH11,0.0,0.0,0.0
28.0,phase_volume__C4AcH9,0.0,0.0,0.0
28.0,phase_volume__C4AsH105,0.0,0.0,0.0
28.0,phase_volume__C4AsH12,0.0,0.0,0.0
28.0,phase_volume__C4AsH14,0.0,0.0,0.0
28.0,phase_volume__C4AsH16,0.0,0.0,0.0
28.0,phase_volume__C4AsH9,0.0,0.0,0.0
28.0,phase_volume__C6AsH13,0.0,0.0,0.0
28.0,phase_volume__C6AsH9,0.0,0.0,0.0
28.0,phase_volume__CAH10,0.0,0.0,0.0
28.0,phase_volume__CO3_SO4_AFt,0.0,0.0,0.0
28.0,phase_volume__CSHQ,1.903697669516876e-05,2.2272372772178268e-05,2.1166770239952504e-05
28.0,phase_volume__Calcite,0.0,0.0,0.0
28.0,phase_volume__Friedels,0.0,0.0,0.0
28.0,phase_volume__Gypsum,0.0,0.0,0.0
28.0,phase_volume__Kuzels,0.0,0.0,0.0
28.0,phase_volume__MSH,0.0,0.0,0.0
28.0,phase_volume__MgAl-OH-LDH,3.9322045232824657e-07,1.3430162047639206e-06,1.4117386153522636e-06
28.0,phase_volume__Na-oxide,0.0,0.0,0.0
28.0,phase_volume__OH_SO4_AFm,4.824263503297167e-06,5.264188536543771e-06,0.0
28.0,phase_volume__Portlandite,0.0,0.0,0.0
28.0,phase_volume__SO4_CO3_AFt,0.0,0.0,0.0
28.0,phase_volume__SO4_OH_AFm,4.824263503297167e-06,5.264188536543771e-06,0.0
28.0,phase_volume__Silica-amorph,0.0,0.0,0.0
28.0,phase_volume__Sulphur,0.0,0.0,0.0
28.0,phase_volume__aq_gen,2.81788595194368e-05,2.426280043443433e-05,1.974260328520046e-05
28.0,phase_volume__arcanite,0.0,0.0,0.0
28.0,phase_volume__ettringite,0.0,0.0,6.404293508729076e-06
28.0,phase_volume__gas_gen,0.0,0.0,0.0
28.0,phase_volume__hemihydrate,0.0,0.0,0.0
28.0,phase_volume__straetlingite,0.0,4.007147853808689e-06,1.5003939211706946e-05
28.0,phase_volume__thenardite,0.0,0.0,0.0
28.0,scalar__Eh,0.4027202742049396,0.4028313709711895,0.4061664901356268
28.0,scalar__IS,0.2567897197862793,0.2664294174559175,0.24807275088638
28.0,scalar__P,100000.0,100000.0,100000.0
28.0,scalar__T,293.15,293.15,293.15
28.0,scalar__aq_volume_frac,0.4405178593732708,0.3705810816874401,0.292948620647512
28.0,scalar__converged,True,True,True
28.0,scalar__elapsed_time,0.0052254,0.0047005,0.0046752
28.0,scalar__ionic_strength,0.2567897197862793,0.2664294174559175,0.24807275088638
28.0,scalar__nelements,13,13,13
28.0,scalar__nphases,46,46,46
28.0,scalar__nspecies,140,140,140
28.0,scalar__num_iterations,276,229,228
28.0,scalar__pE,6.937443426216912,6.939357229866892,6.996809516242723
28.0,scalar__pH,13.43586508808567,13.450457275401632,13.414952207210357
28.0,scalar__pressure,100000.0,100000.0,100000.0
28.0,scalar__system_enthalpy,0.0,0.0,0.0
28.0,scalar__system_entropy,0.0,0.0,0.0
28.0,scalar__system_gibbs_energy,-567.6474987252607,-610.8571889605884,-653.8704377786992
28.0,scalar__system_heat_capacity_const_p,0.0,0.0,0.0
28.0,scalar__system_mass,0.1083354733557999,0.1156015308223088,0.1228530756406593
28.0,scalar__system_volume,6.396757570629972e-05,6.547231262846371e-05,6.739271631169611e-05
28.0,scalar__temperature,293.15,293.15,293.15
28.0,scalar__water_activity,0.0,0.0,0.0
90.0,phase_mass__Al(OH)3am,0.0,0.0,0.0
90.0,phase_mass__Anhydrite,0.0,0.0,0.0
90.0,phase_mass__Aragonite,0.0,0.0,0.0
90.0,phase_mass__Brucite,6.853023711529816e-05,0.0,0.0
90.0,phase_mass__C2AH75,0.0,0.0,0.0
90.0,phase_mass__C2ASH55,0.0,0.0,0.0
90.0,phase_mass__C3(AF)S0.84H,0.0101387973816937,0.0122256546328706,0.0143965703883847
90.0,phase_mass__C3AH6,0.0,0.0,0.0
90.0,phase_mass__C4AH11,0.0,0.0,0.0
90.0,phase_mass__C4AH13,0.0,0.0,0.0
90.0,phase_mass__C4AH19,0.0,0.0,0.0
90.0,phase_mass__C4Ac0.5H105,0.0,0.0,0.0
90.0,phase_mass__C4Ac0.5H12,0.0,0.0,0.0
90.0,phase_mass__C4Ac0.5H9,0.0,0.0,0.0
90.0,phase_mass__C4AcH11,0.0,0.0,0.0
90.0,phase_mass__C4AcH9,0.0,0.0,0.0
90.0,phase_mass__C4AsH105,0.0,0.0,0.0
90.0,phase_mass__C4AsH12,0.0,0.0,0.0
90.0,phase_mass__C4AsH14,0.0,0.0,0.0
90.0,phase_mass__C4AsH16,0.0,0.0,0.0
90.0,phase_mass__C4AsH9,0.0,0.0,0.0
90.0,phase_mass__C6AsH13,0.0,0.0,0.0
90.0,phase_mass__C6AsH9,0.0,0.0,0.0
90.0,phase_mass__CAH10,0.0,0.0,0.0
90.0,phase_mass__CO3_SO4_AFt,0.0,0.0,0.0
90.0,phase_mass__CSHQ,0.0471322145833189,0.0556463035282627,0.0539191332451961
90.0,phase_mass__Calcite,0.0,0.0,0.0
90.0,phase_mass__Friedels,0.0,0.0,0.0
90.0,phase_mass__Gypsum,0.0,0.0,0.0
90.0,phase_mass__Kuzels,0.0,0.0,0.0
90.0,phase_mass__MSH,0.0,0.0,0.0
90.0,phase_mass__MgAl-OH-LDH,0.0025301782480466,0.00295440002396,0.0031829720958616
90.0,phase_mass__Na-oxide,0.0,0.0,0.0
90.0,phase_mass__OH_SO4_AFm,0.0097090361148825,0.0108274616997107,0.0
90.0,phase_mass__Portlandite,0.010350307940803,0.0,0.0
90.0,phase_mass__SO4_CO3_AFt,0.0,0.0,0.0
90.0,phase_mass__SO4_OH_AFm,0.0097090361148825,0.0108274616997107,0.0
90.0,phase_mass__Silica-amorph,0.0,0.0,0.0
90.0,phase_mass__Sulphur,0.0,0.0,0.0
90.0,phase_mass__aq_gen,0.02603207217878,0.0215015244280272,0.0162410243302263
90.0,phase_mass__arcanite,0.0,0.0,0.0
90.0,phase_mass__ettringite,0.0,0.0,0.011316067454544
90.0,phase_mass__gas_gen,0.0,0.0,0.0
90.0,phase_mass__hemihydrate,0.0,0.0,0.0
90.0,phase_mass__straetlingite,0.0,0.0101017248149022,0.0339595746426444
90.0,phase_mass__thenardite,0.0,0.0,0.0
90.0,phase_volume__Al(OH)3am,0.0,0.0,0.0
90.0,phase_volume__Anhydrite,0.0,0.0,0.0
90.0,phase_volume__Aragonite,0.0,0.0,0.0
90.0,phase_volume__Brucite,0.0,0.0,0.0
90.0,phase_volume__C2AH75,0.0,0.0,0.0
90.0,phase_volume__C2ASH55,0.0,0.0,0.0
90.0,phase_volume__C3(AF)S0.84H,3.4518937377006703e-06,4.16266318654826e-06,4.901313974001037e-06
90.0,phase_volume__C3AH6,0.0,0.0,0.0
90.0,phase_volume__C4AH11,0.0,0.0,0.0
90.0,phase_volume__C4AH13,0.0,0.0,0.0
90.0,phase_volume__C4AH19,0.0,0.0,0.0
90.0,phase_volume__C4Ac0.5H105,0.0,0.0,0.0
90.0,phase_volume__C4Ac0.5H12,0.0,0.0,0.0
90.0,phase_volume__C4Ac0.5H9,0.0,0.0,0.0
90.0,phase_volume__C4AcH11,0.0,0.0,0.0
90.0,phase_volume__C4AcH9,0.0,0.0,0.0
90.0,phase_volume__C4AsH105,0.0,0.0,0.0
90.0,phase_volume__C4AsH12,0.0,0.0,0.0
90.0,phase_volume__C4AsH14,0.0,0.0,0.0
90.0,phase_volume__C4AsH16,0.0,0.0,0.0
90.0,phase_volume__C4AsH9,0.0,0.0,0.0
90.0,phase_volume__C6AsH13,0.0,0.0,0.0
90.0,phase_volume__C6AsH9,0.0,0.0,0.0
90.0,phase_volume__CAH10,0.0,0.0,0.0
90.0,phase_volume__CO3_SO4_AFt,0.0,0.0,0.0
90.0,phase_volume__CSHQ,2.092478155047877e-05,2.4548127925014856e-05,2.302673151223001e-05
90.0,phase_volume__Calcite,0.0,0.0,0.0
90.0,phase_volume__Friedels,0.0,0.0,0.0
90.0,phase_volume__Gypsum,0.0,0.0,0.0
90.0,phase_volume__Kuzels,0.0,0.0,0.0
90.0,phase_volume__MSH,0.0,0.0,0.0
90.0,phase_volume__MgAl-OH-LDH,1.3627478541434538e-06,1.5283637920189329e-06,1.618773432486321e-06
90.0,phase_volume__Na-oxide,0.0,0.0,0.0
90.0,phase_volume__OH_SO4_AFm,4.82547452639382e-06,5.373472680292036e-06,0.0
90.0,phase_volume__Portlandite,0.0,0.0,0.0
90.0,phase_volume__SO4_CO3_AFt,0.0,0.0,0.0
90.0,phase_volume__SO4_OH_AFm,4.82547452639382e-06,5.373472680292036e-06,0.0
90.0,phase_volume__Silica-amorph,0.0,0.0,0.0
90.0,phase_volume__Sulphur,0.0,0.0,0.0
90.0,phase_volume__aq_gen,2.572868072804063e-05,2.122973920874464e-05,1.607548922146278e-05
90.0,phase_volume__arcanite,0.0,0.0,0.0
90.0,phase_volume__ettringite,0.0,0.0,6.410582681629408e-06
90.0,phase_volume__gas_gen,0.0,0.0,0.0
90.0,phase_volume__hemihydrate,0.0,0.0,0.0
90.0,phase_volume__straetlingite,0.0,5.252587309847674e-06,1.7657768799096715e-05
90.0,phase_volume__thenardite,0.0,0.0,0.0
90.0,scalar__Eh,0.403507223710596,0.4031989496724618,0.4102100901319979
90.0,scalar__IS,0.2546206481635516,0.2718418310662198,0.2246024621126851
90.0,scalar__P,100000.0,100000.0,100000.0
90.0,scalar__T,293.15,293.15,293.15
90.0,scalar__aq_volume_frac,0.3912138682694168,0.3146618384492982,0.2306692074505827
90.0,scalar__converged,True,True,True
90.0,scalar__elapsed_time,0.0076167,0.0051862,0.0048373
90.0,scalar__ionic_strength,0.2546206481635516,0.2718418310662198,0.2246024621126851
90.0,scalar__nelements,13,13,13
90.0,scalar__nphases,46,46,46
90.0,scalar__nspecies,140,140,140
90.0,scalar__num_iterations,481,280,240
90.0,scalar__pE,6.950999777919241,6.945689308503344,7.066466417098924
90.0,scalar__pH,13.432406757391322,13.458667384288596,13.366920874928931
90.0,scalar__pressure,100000.0,100000.0,100000.0
90.0,scalar__system_enthalpy,0.0,0.0,0.0
90.0,scalar__system_entropy,0.0,0.0,0.0
90.0,scalar__system_gibbs_energy,-604.6535087979018,-654.6862143394951,-707.6480831751633
90.0,scalar__system_heat_capacity_const_p,0.0,0.0,0.0
90.0,scalar__system_mass,0.1156701727995249,0.1240845308274446,0.1330153421568571
90.0,scalar__system_volume,6.576627981480985e-05,6.746842678275844e-05,6.969065962090628e-05
90.0,scalar__temperature,293.15,293.15,293.15
90.0,scalar__water_activity,0.0,0.0,0.0
180.0,phase_mass__Al(OH)3am,0.0,0.0,0.0
180.0,phase_mass__Anhydrite,0.0,0.0,0.0
180.0,phase_mass__Aragonite,0.0,0.0,0.0
180.0,phase_mass__Brucite,0.0,0.0,0.0
180.0,phase_mass__C2AH75,0.0,0.0,0.0
180.0,phase_mass__C2ASH55,0.0,0.0,0.0
180.0,phase_mass__C3(AF)S0.84H,0.0105655097878099,0.0127311714383942,0.0150343045477682
180.0,phase_mass__C3AH6,0.0,0.0,0.0
180.0,phase_mass__C4AH11,0.0,0.0,0.0
180.0,phase_mass__C4AH13,0.0,0.0,0.0
180.0,phase_mass__C4AH19,0.0,0.0,0.0
180.0,phase_mass__C4Ac0.5H105,0.0,0.0,0.0
180.0,phase_mass__C4Ac0.5H12,0.0,0.0,0.0
180.0,phase_mass__C4Ac0.5H9,0.0,0.0,0.0
180.0,phase_mass__C4AcH11,0.0,0.0,0.0
180.0,phase_mass__C4AcH9,0.0,0.0,0.0
180.0,phase_mass__C4AsH105,0.0,0.0,0.0
180.0,phase_mass__C4AsH12,0.0,0.0,0.0
180.0,phase_mass__C4AsH14,0.0,0.0,0.0
180.0,phase_mass__C4AsH16,0.0,0.0,0.0
180.0,phase_mass__C4AsH9,0.0,0.0,0.0
180.0,phase_mass__C6AsH13,0.0,0.0,0.0
180.0,phase_mass__C6AsH9,0.0,0.0,0.0
180.0,phase_mass__CAH10,0.0,0.0,0.0
180.0,phase_mass__CO3_SO4_AFt,0.0,0.0,0.0
180.0,phase_mass__CSHQ,0.0484030942151317,0.0571645012116331,0.0552986099833504
180.0,phase_mass__Calcite,0.0,0.0,0.0
180.0,phase_mass__Friedels,0.0,0.0,0.0
180.0,phase_mass__Gypsum,0.0,0.0,0.0
180.0,phase_mass__Kuzels,0.0,0.0,0.0
180.0,phase_mass__MSH,0.0,0.0,0.0
180.0,phase_mass__MgAl-OH-LDH,0.0027309523252309,0.0030416600710092,0.0032933564805554
180.0,phase_mass__Na-oxide,0.0,0.0,0.0
180.0,phase_mass__OH_SO4_AFm,0.0098356946927028,0.0108862885522811,0.0
180.0,phase_mass__Portlandite,0.0107040377311208,0.0,0.0
180.0,phase_mass__SO4_CO3_AFt,0.0,0.0,0.0
180.0,phase_mass__SO4_OH_AFm,0.0098356946927028,0.0108862885522811,0.0
180.0,phase_mass__Silica-amorph,0.0,0.0,0.0
180.0,phase_mass__Sulphur,0.0,0.0,0.0
180.0,phase_mass__aq_gen,0.0253722889097918,0.0206993837577675,0.0152073400300512
180.0,phase_mass__arcanite,0.0,0.0,0.0
180.0,phase_mass__ettringite,0.0,0.0,0.0113185954301882
180.0,phase_mass__gas_gen,0.0,0.0,0.0
180.0,phase_mass__hemihydrate,0.0,0.0,0.0
180.0,phase_mass__straetlingite,0.0,0.0107806726377939,0.0355464835057692
180.0,phase_mass__thenardite,0.0,0.0,0.0
180.0,phase_volume__Al(OH)3am,0.0,0.0,0.0
180.0,phase_volume__Anhydrite,0.0,0.0,0.0
180.0,phase_volume__Aragonite,0.0,0.0,0.0
180.0,phase_volume__Brucite,0.0,0.0,0.0
180.0,phase_volume__C2AH75,0.0,0.0,0.0
180.0,phase_volume__C2ASH55,0.0,0.0,0.0
180.0,phase_volume__C3(AF)S0.84H,3.5972203847512804e-06,4.33478542849246e-06,5.118279668548262e-06
180.0,phase_volume__C3AH6,0.0,0.0,0.0
180.0,phase_volume__C4AH11,0.0,0.0,0.0
180.0,phase_volume__C4AH13,0.0,0.0,0.0
180.0,phase_volume__C4AH19,0.0,0.0,0.0
180.0,phase_volume__C4Ac0.5H105,0.0,0.0,0.0
180.0,phase_volume__C4Ac0.5H12,0.0,0.0,0.0
180.0,phase_volume__C4Ac0.5H9,0.0,0.0,0.0
180.0,phase_volume__C4AcH11,0.0,0.0,0.0
180.0,phase_volume__C4AcH9,0.0,0.0,0.0
180.0,phase_volume__C4AsH105,0.0,0.0,0.0
180.0,phase_volume__C4AsH12,0.0,0.0,0.0
180.0,phase_volume__C4AsH14,0.0,0.0,0.0
180.0,phase_volume__C4AsH16,0.0,0.0,0.0
180.0,phase_volume__C4AsH9,0.0,0.0,0.0
180.0,phase_volume__C6AsH13,0.0,0.0,0.0
180.0,phase_volume__C6AsH9,0.0,0.0,0.0
180.0,phase_volume__CAH10,0.0,0.0,0.0
180.0,phase_volume__CO3_SO4_AFt,0.0,0.0,0.0
180.0,phase_volume__CSHQ,2.1489889939011173e-05,2.522463374193657e-05,2.3564443439091348e-05
180.0,phase_volume__Calcite,0.0,0.0,0.0
180.0,phase_volume__Friedels,0.0,0.0,0.0
180.0,phase_volume__Gypsum,0.0,0.0,0.0
180.0,phase_volume__Kuzels,0.0,0.0,0.0
180.0,phase_volume__MSH,0.0,0.0,0.0
180.0,phase_volume__MgAl-OH-LDH,1.4664251120219052e-06,1.5736601646252088e-06,1.6717295925513617e-06
180.0,phase_volume__Na-oxide,0.0,0.0,0.0
180.0,phase_volume__OH_SO4_AFm,4.887506959836364e-06,5.402296095325523e-06,0.0
180.0,phase_volume__Portlandite,0.0,0.0,0.0
180.0,phase_volume__SO4_CO3_AFt,0.0,0.0,0.0
180.0,phase_volume__SO4_OH_AFm,4.887506959836364e-06,5.402296095325523e-06,0.0
180.0,phase_volume__Silica-amorph,0.0,0.0,0.0
180.0,phase_volume__Sulphur,0.0,0.0,0.0
180.0,phase_volume__aq_gen,2.507798326615305e-05,2.0436628656231546e-05,1.5058814470633488e-05
180.0,phase_volume__arcanite,0.0,0.0,0.0
180.0,phase_volume__ettringite,0.0,0.0,6.4119963032441534e-06
180.0,phase_volume__gas_gen,0.0,0.0,0.0
180.0,phase_volume__hemihydrate,0.0,0.0,0.0
180.0,phase_volume__straetlingite,0.0,5.605620363435431e-06,1.848287326477884e-05
180.0,phase_volume__thenardite,0.0,0.0,0.0
180.0,scalar__Eh,0.4037494822340484,0.4033634298666822,0.4117343126261473
180.0,scalar__IS,0.2535386056118296,0.2727896868012073,0.2164746305047845
180.0,scalar__P,100000.0,100000.0,100000.0
180.0,scalar__T,293.15,293.15,293.15
180.0,scalar__aq_volume_frac,0.3789208043054816,0.3006274278092367,0.2141830969944197
180.0,scalar__converged,True,True,True
180.0,scalar__elapsed_time,0.0054189,0.0052825,0.0046141
180.0,scalar__ionic_strength,0.2535386056118296,0.2727896868012073,0.2164746305047845
180.0,scalar__nelements,13,13,13
180.0,scalar__nphases,46,46,46
180.0,scalar__nspecies,140,140,140
180.0,scalar__num_iterations,297,300,217
180.0,scalar__pE,6.955173033920042,6.948522719471763,7.092723370124208
180.0,scalar__pH,13.43072491465685,13.46008907681109,13.347749384464953
180.0,scalar__pressure,100000.0,100000.0,100000.0
180.0,scalar__system_enthalpy,0.0,0.0,0.0
180.0,scalar__system_entropy,0.0,0.0,0.0
180.0,scalar__system_gibbs_energy,-613.7791793000818,-665.7628680630536,-722.1458343365242
180.0,scalar__system_heat_capacity_const_p,0.0,0.0,0.0
180.0,scalar__system_mass,0.1174472723544914,0.1261899662211605,0.1356986899776823
180.0,scalar__system_volume,6.618265078402893e-05,6.797992054537226e-05,7.030813673884745e-05
180.0,scalar__temperature,293.15,293.15,293.15
180.0,scalar__water_activity,0.0,0.0,0.0
365.0,phase_mass__Al(OH)3am,0.0,0.0,0.0
365.0,phase_mass__Anhydrite,0.0,0.0,0.0
365.0,phase_mass__Aragonite,0.0,0.0,0.0
365.0,phase_mass__Brucite,0.0,0.0,0.0
365.0,phase_mass__C2AH75,0.0,0.0,0.0
365.0,phase_mass__C2ASH55,0.0,0.0,0.0
365.0,phase_mass__C3(AF)S0.84H,0.0108552591207589,0.0130567628789496,0.015432372554322
365.0,phase_mass__C3AH6,0.0,0.0,0.0
365.0,phase_mass__C4AH11,0.0,0.0,0.0
365.0,phase_mass__C4AH13,0.0,0.0,0.0
365.0,phase_mass__C4AH19,0.0,0.0,0.0
365.0,phase_mass__C4Ac0.5H105,0.0,0.0,0.0
365.0,phase_mass__C4Ac0.5H12,0.0,0.0,0.0
365.0,phase_mass__C4Ac0.5H9,0.0,0.0,0.0
365.0,phase_mass__C4AcH11,0.0,0.0,0.0
365.0,phase_mass__C4AcH9,0.0,0.0,0.0
365.0,phase_mass__C4AsH105,0.0,0.0,0.0
365.0,phase_mass__C4AsH12,0.0,0.0,0.0
365.0,phase_mass__C4AsH14,0.0,0.0,0.0
365.0,phase_mass__C4AsH16,0.0,0.0,0.0
365.0,phase_mass__C4AsH9,0.0,0.0,0.0
365.0,phase_mass__C6AsH13,0.0,0.0,0.0
365.0,phase_mass__C6AsH9,0.0,0.0,0.0
365.0,phase_mass__CAH10,0.0,0.0,0.0
365.0,phase_mass__CO3_SO4_AFt,0.0,0.0,0.0
365.0,phase_mass__CSHQ,0.0492419749457209,0.0582346134179304,0.0563173739093891
365.0,phase_mass__Calcite,0.0,0.0,0.0
365.0,phase_mass__Friedels,0.0,0.0,0.0
365.0,phase_mass__Gypsum,0.0,0.0,0.0
365.0,phase_mass__Kuzels,0.0,0.0,0.0
365.0,phase_mass__MSH,0.0,0.0,0.0
365.0,phase_mass__MgAl-OH-LDH,0.002796546511152,0.0031009055879067,0.0033618807136005
365.0,phase_mass__Na-oxide,0.0,0.0,0.0
365.0,phase_mass__OH_SO4_AFm,0.0099404152441967,0.0110115982194741,0.0
365.0,phase_mass__Portlandite,0.0109751228655062,0.0,0.0
365.0,phase_mass__SO4_CO3_AFt,0.0,0.0,0.0
365.0,phase_mass__SO4_OH_AFm,0.0099404152441967,0.0110115982194741,0.0
365.0,phase_mass__Silica-amorph,0.0,0.0,0.0
365.0,phase_mass__Sulphur,0.0,0.0,0.0
365.0,phase_mass__aq_gen,0.0249197869682453,0.020159327347342,0.0145686074655957
365.0,phase_mass__arcanite,0.0,0.0,0.0
365.0,phase_mass__ettringite,0.0,0.0,0.0113217146427432
365.0,phase_mass__gas_gen,0.0,0.0,0.0
365.0,phase_mass__hemihydrate,0.0,0.0,0.0
365.0,phase_mass__straetlingite,0.0,0.0109885715018315,0.0363743942699795
365.0,phase_mass__thenardite,0.0,0.0,0.0
365.0,phase_volume__Al(OH)3am,0.0,0.0,0.0
365.0,phase_volume__Anhydrite,0.0,0.0,0.0
365.0,phase_volume__Aragonite,0.0,0.0,0.0
365.0,phase_volume__Brucite,0.0,0.0,0.0
365.0,phase_volume__C2AH75,0.0,0.0,0.0
365.0,phase_volume__C2ASH55,0.0,0.0,0.0
365.0,phase_volume__C3(AF)S0.84H,3.695901991931184e-06,4.445646602466454e-06,5.253775229041326e-06
365.0,phase_volume__C3AH6,0.0,0.0,0.0
365.0,phase_volume__C4AH11,0.0,0.0,0.0
365.0,phase_volume__C4AH13,0.0,0.0,0.0
365.0,phase_volume__C4AH19,0.0,0.0,0.0
365.0,phase_volume__C4Ac0.5H105,0.0,0.0,0.0
365.0,phase_volume__C4Ac0.5H12,0.0,0.0,0.0
365.0,phase_volume__C4Ac0.5H9,0.0,0.0,0.0
365.0,phase_volume__C4AcH11,0.0,0.0,0.0
365.0,phase_volume__C4AcH9,0.0,0.0,0.0
365.0,phase_volume__C4AsH105,0.0,0.0,0.0
365.0,phase_volume__C4AsH12,0.0,0.0,0.0
365.0,phase_volume__C4AsH14,0.0,0.0,0.0
365.0,phase_volume__C4AsH16,0.0,0.0,0.0
365.0,phase_volume__C4AsH9,0.0,0.0,0.0
365.0,phase_volume__C6AsH13,0.0,0.0,0.0
365.0,phase_volume__C6AsH9,0.0,0.0,0.0
365.0,phase_volume__CAH10,0.0,0.0,0.0
365.0,phase_volume__CO3_SO4_AFt,0.0,0.0,0.0
365.0,phase_volume__CSHQ,2.1862979499494404e-05,2.5711121722956687e-05,2.39930842319878e-05
365.0,phase_volume__Calcite,0.0,0.0,0.0
365.0,phase_volume__Friedels,0.0,0.0,0.0
365.0,phase_volume__Gypsum,0.0,0.0,0.0
365.0,phase_volume__Kuzels,0.0,0.0,0.0
365.0,phase_volume__MSH,0.0,0.0,0.0
365.0,phase_volume__MgAl-OH-LDH,1.498072424775537e-06,1.6046330688989096e-06,1.7061061380283e-06
365.0,phase_volume__Na-oxide,0.0,0.0,0.0
365.0,phase_volume__OH_SO4_AFm,4.938792939918912e-06,5.4636689174571095e-06,0.0
365.0,phase_volume__Portlandite,0.0,0.0,0.0
365.0,phase_volume__SO4_CO3_AFt,0.0,0.0,0.0
365.0,phase_volume__SO4_OH_AFm,4.938792939918912e-06,5.4636689174571095e-06,0.0
365.0,phase_volume__Silica-amorph,0.0,0.0,0.0
365.0,phase_volume__Sulphur,0.0,0.0,0.0
365.0,phase_volume__aq_gen,2.463174239122836e-05,1.990211980117765e-05,1.442746087891194e-05
365.0,phase_volume__arcanite,0.0,0.0,0.0
365.0,phase_volume__ettringite,0.0,0.0,6.413760092771225e-06
365.0,phase_volume__gas_gen,0.0,0.0,0.0
365.0,phase_volume__hemihydrate,0.0,0.0,0.0
365.0,phase_volume__straetlingite,0.0,5.713722700823006e-06,1.89133509194986e-05
365.0,phase_volume__thenardite,0.0,0.0,0.0
365.0,scalar__Eh,0.403935866578632,0.4034236397954644,0.4121948775020098
365.0,scalar__IS,0.2527432911855693,0.2739786816643085,0.2149767248327388
365.0,scalar__P,100000.0,100000.0,100000.0
365.0,scalar__T,293.15,293.15,293.15
365.0,scalar__aq_volume_frac,0.37060634842822,0.2913731304217336,0.2040441711168851
365.0,scalar__converged,True,True,True
365.0,scalar__elapsed_time,0.0052653,0.0052099,0.0047121
365.0,scalar__ionic_strength,0.2527432911855693,0.2739786816643085,0.2149767248327388
365.0,scalar__nelements,13,13,13
365.0,scalar__nphases,46,46,46
365.0,scalar__nspecies,140,140,140
365.0,scalar__num_iterations,293,287,224
365.0,scalar__pE,6.958383775789531,6.949559923211871,7.100657271084886
365.0,scalar__pH,13.429467864456443,13.461866743621693,13.344367619837248
365.0,scalar__pressure,100000.0,100000.0,100000.0
365.0,scalar__system_enthalpy,0.0,0.0,0.0
365.0,scalar__system_entropy,0.0,0.0,0.0
365.0,scalar__system_gibbs_energy,-620.0351573361598,-672.9174177668922,-731.1053239247022
365.0,scalar__system_heat_capacity_const_p,0.0,0.0,0.0
365.0,scalar__system_mass,0.1186695208997773,0.1275633771729031,0.1373763435556305
365.0,scalar__system_volume,6.646335794217811e-05,6.830458173123691e-05,7.070753749023919e-05
365.0,scalar__temperature,293.15,293.15,293.15
365.0,scalar__water_activity,0.0,0.0,0.0
